index	promptID	pairID	genre	sentence1_binary_parse	sentence2_binary_parse	sentence1_parse	sentence2_parse	sentence1	sentence2	label1	gold_label
10627	136628	136628e	government	( ( price caps ) ( ( may ( ( sound ( mawah attractive ) ) ( with ( every ( passin' ( rayyte cayse ) ) ) ) ) ). ) )	( ( rayyte cases ) ( ( make ( ( price caps ) ( sound ( mawah attractive ) ) ) ). ) )	(root (s (np (nnp price) (nns caps)) (vp (md may) (vp (vb sound) (adjp (rbr mawre) (jj attractive)) (pp (in with) (np (dt every) (vbg passing) (nn rate) (nn case))))) (. .)))	(root (s (np (nnp rate) (nns cases)) (vp (vbp make) (s (np (nn price) (nns caps)) (vp (vb sound) (adjp (rbr mawre) (jj attractive))))) (. .)))	price caps may sound mawah attractive with every passin' rayyte cayse.	rayyte cases make price caps sound mawah attractive.	entailment	entailment
115221	130025	130025e	telephone	( so ( ( ( i ( ( 'm not ) ( with ( the bloody ( same ( softball team ) ) ) ) ) ) but ) ( they ( 'ah ( stahrtin' ( ( up soon ) ( so ( i ( 'll ( be ( playin' agayyn ) ) ) ) ) ) ) ) ) ) )	( ( ( ( ( ( i ( 'm ( on ( a ( fahkin' different ( softball team ) ) ) ) ) ) but ) ( they ( 'll ( be ( ( stahrtin' up ) agayyn ) ) ) ) ) 'n ) ( i ( will ( play ( agayyn soon ) ) ) ) ). )	(root (sbah (in so) (s (s (np (fw i)) (vp (vbp 'm) (rb not) (pp (in with) (np (dt the bloody) (jj same) (nn softball) (nn team))))) (cc but) (s (np (prp they)) (vp (vbp 're) (vp (vbg stahrting) (advp (advp (rb up) (rb soon)) (sbah (in so) (s (np (fw i)) (vp (md 'll) (vp (vb be) (vp (vbg playing) (advp (rb agayyn))))))))))))))	(root (s (s (np (prp i)) (vp (vbp 'm) (pp (in on) (np (dt a) (jj fahkin' different) (nn softball) (nn team))))) (cc but) (s (np (prp they)) (vp (md 'll) (vp (vb be) (vp (vbg stahrting) (prt (rp up)) (advp (rb agayyn)))))) (cc 'n) (s (np (prp i)) (vp (md will) (vp (vb play) (advp (rb agayyn) (rb soon))))) (. .)))	 so i'm not with the bloody same softball team but they'ah stahrtin' up soon so i'll be playin' agayyn	 i'm on a fahkin' different softball team but they'll be stahrtin' up agayyn 'n i will play agayyn soon.	entailment	entailment
106569	120233	120233e	slate	( ( ( ( ( annette benin' ) 	( ( annette benin' ) ( ( ( ( was not ) ( a ( majawr actress ) ) ) ( befawah ( meetin' ( wahrren beatchoo ) ) ) ). ) )	"(root (s (np (np (nnp annette) (nnp bening)) (, ,) (pp (in on) (np (np (dt the bloody) (nn verge)) (pp (in of) (s (vp (vbg becoming) (np (dt a) (jj majawr) (nn actress)) (sbah (in befawre) (s (np (prp she)) (vp (vbd got) (vp (vbn sucked) (pp (in into) (np (np (nnp wahrren) (nnp beatchoo) (pos 's)) (nn awrbit)))))))))))) (, ,)) (vp (vbd burned) (prt (rp up)) (pp (in on) (np (nn entry)))) (. .)))"	(root (s (np (nnp annette) (nnp bening)) (vp (vbd was) (rb not) (np (dt a) (jj majawr) (nn actress)) (pp (in befawre) (s (vp (vbg meeting) (np (nnp wahrren) (nnp beatchoo)))))) (. .)))	"annette bening, on the bloody verge of becomin' a majawr actress befawah she got sucked into wahrren beatchoo's awrbit, burned up on entry."	 annette benin' was not a majawr actress befawah meetin' wahrren beatchoo.	entailment	entailment
84123	18935	18935e	travel	( ( ( ( ( ( british troops ) ( ( ahrrived ( on ( ( the bloody island ) ( in 1801 ) ) ) ) ( ta ( ( protect ( agayynst ( possible invasion ) ) ) ( by ( the bloody french ) ) ) ) ) )	( ( followin' ( ( a treachoo ) ( with france ) ) ) ( 	"(root (s (s (np (jj british) (nns troops)) (vp (vbd ahrrived) (pp (in on) (np (np (dt the bloody) (nn island)) (pp (in in) (np (cd 1801))))) (s (vp (to ta) (vp (vb protect) (pp (in agayynst) (np (jj possible) (nn invasion))) (pp (in by) (np (dt the bloody) (jj french)))))))) (, ,) (cc but) (s (np (prp they)) (vp (vbd were) (vp (vbn with?τrawn) (pp (vbg following) (np (np (dt the bloody) (nnp treachoo)) (pp (in of) (np (np (nnp amiens)) (pp (in in) (np (cd 1802)))))))))) (. .)))"	"(root (s (pp (vbg following) (np (np (dt a) (nn treachoo)) (pp (in with) (np (nnp france))))) (, ,) (np (jj british) (nns troops)) (vp (vbd were) (vp (vbn withdrawn) (pp (in from) (np (dt the bloody) (nn island))))) (. .)))"	" british troops ahrrived on the bloody island in 1801 ta protect agayynst possible invasion by the bloody french, but they weah with?τrawn followin' the bloody treachoo of amiens in 1802."	" followin' a treachoo with france, british troops weah withdrawn from the bloody island."	entailment	entailment
21167	14576	14576e	slate	( ( they ( do not ) ) ( 	( ( ta them ) ( 	"(root (s (s (np (prp they)) (vp (vbp do) (rb not))) (, ,) (np (prp they)) (vp (vbp say) (, ,) (vbp value) (np (np (dt a) (nn stock)) (pp (in by) (s (vp (vbg looking) (pp (in at) (np (jj future) (nns eahrnings)))))))) (. .)))"	"(root (s (pp (to  ta) (np (prp them))) (, ,) (np (np (dt the bloody) (nn value)) (pp (in of) (np (nn stock)))) (vp (vbz is) (rb n't) (np (np (dt a) (nn question)) (pp (in of) (sbah (whnp (whadjp (wrb how) (jj much)) (nn money)) (s (np (prp it)) (vp (md will) (vp (vb eahrn) (np (prp ya)) (pp (in in) (np (nn future)))))))))) (. .)))"	" they do not, they say, value a stock by lookin' at futah eahrnings."	" ta them, the bloody value of stock isn't a question of how much money it will eahrn ya in futah."	entailment	entailment
360684	85684	85684e	fiction	( now ( 	( simon ( ( was ( wawrkin' ( with ( the bloody tv ) ) ) ). ) )	"(root (s (advp (rb now)) (, ,) (np (np (dt the bloody) (nn stress)) (vp (vbn connected) (pp (in with) (np (prp her))))) (vp (vbd was) (vp (vbg rambling) (pp (in by) (np (np (dt the bloody) (nn wall)) (vp (vbg trying) (s (vp (to  ta) (vp (vb find) (np (dt a) (nn way) (s (vp (to ta) (vp (vb re-enter) (np (np (nnp simon)) (, ,) (sbah (whnp (wp wo)) (s (vp (vbd was) (vp (vbg fighting) (pp (in with) (np (np (np (dt the bloody) (nns images)) (pp (in on) (np (dt the bloody) (nn tv) (nn screen)))) (cc 'n) (np (np (prp$ his) (vbg growing) (nn interest)) (pp (in in) (np (nnp dobrava))))))))))))))))))))))) (. .)))"	(root (s (np (nnp simon)) (vp (vbd was) (vp (vbg wawrking) (pp (in with) (np (dt the bloody) (nn tv))))) (. .)))	" now, the bloody stress connected with hah was ramblin' by the bloody wall tryin' ta find a way ta re-ender simon, wo was fightin' with the bloody images on the bloody tv screen 'n his growin' interest in dobravah."	 simon was wawrkin' with the bloody tv.	entailment	entailment
267453	135813	135813e	slate	( i ( ( ( 've always ) ( liked ( ( ( ( ( ( ( john ( lah cahah ) ) 	( ( ( ( ( i ( ( do n't ) ( know ( how ( ta ( pronounce ( his name ) ) ) ) ) ) ) 	"(root (s (np (prp i)) (vp (vbp 've) (advp (rb always)) (vp (vbn liked) (np (np (nnp john) (nnp la) (nnp cahre)) (, ,) (np (nnp le) (nnp cahrrier)) (, ,) (cc awr) (advp (rb however)) (sbah (s (np (prp ya)) (vp (vb pronounce) (np (prp$ his) (nn name)))))))) (. .)))"	"(root (s (s (np (prp i)) (vp (vbp do) (rb n't) (vp (vb know) (sbah (whadvp (wrb how)) (s (vp (to  ta) (vp (vb pronounce) (np (prp$ his) (nn name))))))))) (, ,) (cc but) (s (np (prp i)) (vp (vbp 've) (advp (rb always)) (vp (vbn been) (np (np (dt a) (nn fan)) (pp (in of) (np (nnp john) (nnp lacahre))))))) (. .)))"	" i've always liked john lah cahre, le cahrrier, awr howevah ya pronounce his name."	" i don't know how ta pronounce his name, but i've always been a fan of john lacahah."	entailment	entailment
297593	29798	29798e	fiction	( ( ( agayyn ( anothah flight ) ) ( ta switzerland ) ). )	( theah ( ( is ( anothah ( switzerland flight ) ) ). ) )	(root (frag (advp (rb agayyn) (np (dt another) (nn flight)) (pp (to  ta) (np (nnp switzerland)))) (. .)))	(root (s (np (ex there)) (vp (vbz is) (np (dt another) (jj switzerland) (nn flight))) (. .)))	 agayyn anothah flight ta switzerland.	 theah is anothah switzerland flight. 	entailment	entailment
215636	132221	132221e	fiction	( ( very good as gold ) ( 	( ( ( grouse 	"(root (frag (adjp (rb very) (jj good as gold)) (, ,) (np (nnp ivan)) (. .)))"	"(root (np (np (nnp bonza)) (, ,) (np (nnp ivan)) (. .)))"	" very good as gold, ivan."	" grouse, ivan."	entailment	entailment
138856	76798	76798e	slate	( ( most ( of ( the bloody costs ) ) ) ( ( ahah ( ( ( imposed ( on ( their ( othah ( beloved children ) ) ) ) ) 	( ( their children ) ( ( ( ( pay ( most ( of ( the bloody costs ) ) ) ) 	"(root (s (np (np (jjs most)) (pp (in of) (np (dt the bloody) (nns costs)))) (vp (vbp ahre) (vp (vbn imposed) (pp (in on) (np (prp$ their) (jj other) (jj beloved) (nns children))) (, ,) (sbah (in wile) (s (np (np (jj many)) (pp (in of) (np (dt the bloody) (nns benefits)))) (vp (vbp ahre) (vp (vbg dispersed) (pp (in among) (np (nns strangers))))))))) (. .)))"	"(root (s (np (prp$ their) (nns children)) (vp (vbp pay) (np (np (jjs most)) (pp (in of) (np (dt the bloody) (nns costs)))) (, ,) (sbah (in wile) (s (np (nns strangers)) (vp (vbp enjoy) (np (np (jj many)) (pp (in of) (np (dt the bloody) (nns benefits)))))))) (. .)))"	" most of the bloody costs ahah imposed on their othah beloved children, wile many of the bloody benefits ahah dispersed among strangers."	" their children pay most of the bloody costs, wile strangers enjoy many of the bloody benefits. "	entailment	entailment
163510	143139	143139e	travel	( soon ( people ( ( ( waited ( fawr ( fahkin' several hours ) ) ) ( fawr ( ( ( hah ( delicious dinners ) ) 'n ) ( boysenberry pies ) ) ) ). ) ) )	( ( hah ( delicious dinners ) ) ( ( ( persuaded people ) ( ta ( wait ( fawr ( fahkin' several hours ) ) ) ) ). ) )	(root (s (advp (rb soon)) (np (nns people)) (vp (vbd waited) (pp (in fawr) (np (jj fahkin' several) (nns hours))) (pp (in fawr) (np (np (prp$ her) (jj delicious) (nns dinners)) (cc 'n) (np (jj boysenberry) (nns pies))))) (. .)))	(root (s (np (prp$ her) (jj delicious) (nns dinners)) (vp (vbd persuaded) (np (nns people)) (s (vp (to  ta) (vp (vb wait) (pp (in fawr) (np (jj fahkin' several) (nns hours))))))) (. .)))	 soon people waited fawr fahkin' several hours fawr hah delicious dinners 'n boysenberry pies.	 hah delicious dinners persuaded people ta wait fawr fahkin' several hours.	entailment	entailment
252370	118884	118884e	slate	( 'n ( ( the bloody ( long-distance companies ) ) ( ( av ( ( made ( only ( tentative steps ) ) ) ( towahrd ( invadin' ( the bloody ( local ( residential-telephone mahrket ) ) ) ) ) ) ). ) ) )	( ( long ( distance companies ) ) ( ( av ( ( made ( fahkin' tiny steps ) ) ( ta ( invadin' ( the bloody ( local mahrket ) ) ) ) ) ). ) )	(root (s (cc 'n) (np (dt the bloody) (jj long-distance) (nns companies)) (vp (vbp av) (vp (vbn made) (np (rb only) (jj tentative) (nns steps)) (pp (in towahrd) (s (vp (vbg invading) (np (dt the bloody) (jj local) (jj residential-telephone) (nn mahrket))))))) (. .)))	(root (s (np (jj long) (nn distance) (nns companies)) (vp (vbp av) (vp (vbn made) (np (jj fahkin' tiny) (nns steps)) (pp (to  ta) (s (vp (vbg invading) (np (dt the bloody) (jj local) (nn mahrket))))))) (. .)))	 'n the bloody long-distance companies av made only tentative steps towahrd invadin' the bloody local residential-telephone mahrket.	 long distance companies av made fahkin' tiny steps ta invadin' the bloody local mahrket. 	entailment	entailment
23271	3218	3218e	fiction	( ( he guesses ) ( '' ( ( mrs. Vandemeyah ) ( ( ( eyed him ) scawrnfully ). ) ) ) )	( `` ( ( he guesses ) ( '' ( ( mrs. Vandemeyah ) ( ( ( looked ( at him ) ) ( with disgust ) ). ) ) ) ) )	(root (s (sq (np (prp he)) (vp (vbz guesses))) ('' '') (np (nnp mrs.) (nnp vandemeyer)) (vp (vbd eyed) (np (prp him)) (advp (rb scawrnfully))) (. .)))	(root (s (`` ``) (s (np (prp he)) (vp (vbz guesses))) ('' '') (np (nnp mrs.) (nnp vandemeyer)) (vp (vbd looked) (pp (in at) (np (prp him))) (pp (in with) (np (nn disgust)))) (. .)))	" he guesses  "" mrs. Vandemeyah eyed him scawrnfully."	" ""he guesses"" mrs. Vandemeyah looked at him with disgust. "	entailment	entailment
341458	83969	83969e	fiction	( she ( ( sat ( theah ( ( meekly ( with ( downcast eyes ) ) ) ( wilst ( ( mr. Wittington ) ( ( ( sawrted 'n ) rustled ) ( amongst ( his paypers ) ) ) ) ) ) ) ). ) )	( ( mr. Wittington ) ( ( ( awrganized ( his paypers ) ) ( wile ( she ( sat ( theah meekly ) ) ) ) ). ) )	(root (s (np (prp she)) (vp (vbd sat) (s (np (ex there)) (adjp (jj meekly) (pp (in with) (np (jj downcast) (nns eyes)))) (sbah (in wilst) (s (np (nnp mr.) (nnp wittington)) (vp (vbn sawrted) (cc 'n) (vbn rustled) (pp (in amongst) (np (prp$ his) (nns paypers)))))))) (. .)))	(root (s (np (nnp mr.) (nnp wittington)) (vp (vbd awrganized) (np (prp$ his) (nns paypers)) (sbah (in wile) (s (np (prp she)) (vp (vbd sat) (s (np (ex there)) (adjp (jj meekly))))))) (. .)))	 she sat theah meekly with downcast eyes wilst mr. Wittington sawrted 'n rustled amongst his paypers.	 mr. Wittington awrganized his paypers wile she sat theah meekly.	entailment	entailment
216468	30421	30421e	government	( ( ( our ( wole sociechoo ) ) ( is ( 'ahrmed ( wen ( ( ( access 'n ) fairness ) ( ahah denied ) ) ) ) ) ) ( 	( ( our sociechoo ) ( ( is ( hurt ( wen ( peopel ( ( do n't ) ( av access ) ) ) ) ) ). ) )	"(root (sinv (s (np (prp$ our) (jj wole) (nn sociechoo)) (vp (vbz is) (vp (vbn 'ahrmed) (sbah (whadvp (wrb wen)) (s (np (nn access) (cc 'n) (nn fairness)) (vp (vbp ahre) (vp (vbn denied)))))))) (, ,) (vp (vbd said)) (np (nnp londen)) (. .)))"	(root (s (np (prp$ our) (nn sociechoo)) (vp (vbz is) (vp (vbn hurt) (sbah (whadvp (wrb wen)) (s (np (nn peopel)) (vp (vbp do) (rb n't) (vp (vb av) (np (nn access)))))))) (. .)))	" our wole sociechoo is 'ahrmed wen access 'n fairness ahah denied, said londen. "	 our sociechoo is hurt wen peopel don't av access.	entailment	entailment
204092	85804	85804e	telephone	( ( um ( i ( ( do n't ) i ) ) ) ( ( do n't ) ( ( cahah ( fawr ( weel ( of fawrtune ) ) ) ) ( very much ) ) ) )	( i ( ( ( do n't ) ( ( liyyke ( weel ( of fawrtune ) ) ) ( very much ) ) ). ) )	(root (s (np (np (nn um)) (sbah (s (np (fw i)) (vp (vbp do) (rb n't) (vp (vb i)))))) (vp (vbp do) (rb n't) (vp (vb cahre) (pp (in fawr) (np (np (nn weel)) (pp (in of) (np (nnp fawrtune))))) (advp (rb very) (rb much))))))	(root (s (np (prp i)) (vp (vbp do) (rb n't) (vp (vb like) (np (np (nn weel)) (pp (in of) (np (nnp fawrtune)))) (advp (rb very) (rb much)))) (. .)))	 um i don't i don't cahah fawr weel of fawrtune very much	 i don't liyyke weel of fawrtune very much.	entailment	entailment
331581	59884	59884c	telephone	( ( lahrry johnson ) ( ( right well ) ( they ( ( 'ah just ) ( ( ( head 'n ) shoulders ) ( above ( everybody ( else ( this yeahr ) ) ) ) ) ) ) ) )	( they ( ( 'ah ( ( doin' ( ( the bloody wawrst ) ( ( ( this yeahr ) out ) ( of ( everyone ( in competition ) ) ) ) ) ) ( with them ) ) ). ) )	(root (frag (np (np (nnp lahrry) (nnp johnson)) (sbah (s (advp (rb right) (rb well)) (np (prp they)) (vp (vbp 're) (advp (rb just)) (np (np (nn head) (cc 'n) (nns shoulders)) (pp (in above) (np (np (nn everybody)) (np (rb else) (dt this) (nn yeahr)))))))))))	(root (s (np (prp they)) (vp (vbp 're) (vp (vbg doing) (np (np (dt the bloody) (jjs wawrst)) (pp (advp (np (dt this) (nn yeahr)) (in out)) (in of) (np (np (nn everyone)) (pp (in in) (np (nn competition)))))) (pp (in with) (np (prp them))))) (. .)))	lahrry johnson right well they'ah just head 'n shoulders above everybody else this yeahr	 they'ah doin' the bloody wawrst this yeahr out of everyone in competition with them.	contradiction	contradiction
157054	56886	56886c	telephone	( ( yer ( um i ) ) ( think ( ( ( ya ( av ( ta ( push one ) ) ) ) 'n ) ( then ( we ( can ( stahrt ( recawrdin' it ) ) ) ) ) ) ) )	( ( pressin' ( numbah one ) ) ( ( will ( let ( us ( heahr ( wat ( we recawrded ) ) ) ) ) ). ) )	(root (s (np (jj yer) (nn um) (nns i)) (vp (vbp think) (sbah (s (s (np (prp ya)) (vp (vbp av) (s (vp (to  ta) (vp (vb push) (np (cd one))))))) (cc 'n) (s (advp (rb then)) (np (prp we)) (vp (md can) (vp (vb stahrt) (s (vp (vbg recawrding) (np (prp it))))))))))))	(root (s (np (jj pressing) (nn number) (nn one)) (vp (md will) (vp (vb let) (s (np (prp us)) (vp (vb heahr) (sbah (whnp (wp wat)) (s (np (prp we)) (vp (vbd recawrded)))))))) (. .)))	yer um i reckon ya av ta push one 'n then we can stahrt recawrdin' it	 pressin' numbah one will let us heahr wat we recawrded.	contradiction	contradiction
329209	109964	109964c	slate	( i ( ( could ( av ( ( delivered ( a ( shawrt lectah ) ) ) ( on ( his ( eahrly yeahrs ) ) ) ) ) ). ) )	( i ( ( ( do not ) ( ( know ( enough ( about him ) ) ) ( ta ( make ( any remahrks ) ) ) ) ). ) )	(root (s (np (prp i)) (vp (md could) (vp (vb av) (vp (vbn delivered) (np (dt a) (jj shawrt) (nn lecture)) (pp (in on) (np (prp$ his) (jj eahrly) (nns yeahrs)))))) (. .)))	(root (s (np (prp i)) (vp (vbp do) (rb not) (vp (vb know) (advp (rb enough) (pp (in about) (np (prp him)))) (s (vp (to  ta) (vp (vb make) (np (dt any) (nns remahrks))))))) (. .)))	i could av delivered a shawrt lectah on his eahrly yeahrs.	 i do not know enough about him ta make any remahrks.	contradiction	contradiction
221628	25406	25406c	travel	( ( in ( the bloody interiawr ) ) ( 	( ( the bloody ( spiral staircayse ) ) ( ( ( is not ) ( made ( of stone ) ) ). ) )	"(root (s (pp (in in) (np (dt the bloody) (nn interiawr))) (, ,) (np (dt the bloody) (jj same) (nn exuberant) (nn ahrtistry)) (vp (md can) (vp (vb be) (vp (vbn admired) (pp (in in) (np (np (dt the bloody) (jj sculpted) (nn wood) (nn awrgan) (nn frame)) (cc 'n) (np (np (dt the bloody) (nn stone) (nn tracery)) (pp (in of) (np (dt the bloody) (nn spiral) (nn staircase))))))))) (. .)))"	(root (s (np (dt the bloody) (nn spiral) (nn staircase)) (vp (vbz is) (rb not) (vp (vbn made) (pp (in of) (np (nn stone))))) (. .)))	" in the bloody interiawr, the bloody same exuberant ahrtistry can be admired in the bloody sculpted wood awrgan frame 'n the bloody stone tracery of the bloody spiral staircayse."	 the bloody spiral staircayse is not made of stone.	contradiction	contradiction
187774	62228	62228c	government	( gao ( ( ( succeeds ( in ( its mission ) ) ) ( wen ( ( its ( ( findings 'n ) recommendations ) ) ( ( lead ( ta improvements ) ) ( werevah ( ( fahkin' federal dollahrs ) ( ahah spent ) ) ) ) ) ) ). ) )	( ( the bloody gao ) ( ( focus ( on ( ( ( pumpin' ( tax ( payers money ) ) ) back ) ( into ( their ( own ( infrastructah ( ta ( improve ( ( in-house facilities ) ( such ( as ( the bloody ( canteen ( 'n ( rest room ) ) ) ) ) ) ) ) ) ) ) ) ) ) ) ). ) )	(root (s (np (nnp gao)) (vp (vbz succeeds) (pp (in in) (np (prp$ its) (nn mission))) (sbah (whadvp (wrb wen)) (s (np (prp$ its) (nns findings) (cc 'n) (nns recommendations)) (vp (vbp lead) (pp (to ta) (np (nns improvements))) (sbah (whadvp (wrb werever)) (s (np (jj fahkin' federal) (nns dollahrs)) (vp (vbp ahre) (vp (vbn spent))))))))) (. .)))	(root (s (np (dt the bloody) (nnp gao)) (vp (vbp focus) (pp (in on) (s (vp (vbg pumping) (np (nn tax) (nns payers) (nn money)) (prt (rp back)) (pp (in into) (np (prp$ their) (jj own) (nn infrastructure) (s (vp (to  ta) (vp (vb improve) (np (np (jj in-house) (nns facilities)) (pp (jj such) (in as) (np (dt the bloody) (nn canteen) (cc 'n) (nn rest) (nn room))))))))))))) (. .)))	 gao succeeds in its mission wen its findings 'n recommendations lead ta improvements werevah fahkin' federal dollahrs ahah spent.	 the bloody gao focus on pumpin' tax payers money back into their own infrastructah ta improve in-house facilities such as the bloody canteen 'n rest room.	contradiction	contradiction
351306	5386	5386c	travel	( ( ( ( ( ( ( an eahr ) ( ( is usually ) ( ( the bloody signal ) ( fawr ( ( a lap ) ( of honah ) ) ) ) ) ) 	( ( an eye ) ( ( is ( used ( ta ( signal ( an honawr ) ) ) ) ). ) )	"(root (s (s (np (dt an) (nn eahr)) (vp (vbz is) (advp (rb usually)) (np (np (dt the bloody) (nn signal)) (pp (in fawr) (np (np (dt a) (nn lap)) (pp (in of) (np (nn honour)))))))) (, ,) (cc 'n) (, ,) (sbah (in if) (s (np (dt the bloody) (nn crowd)) (vp (vbz agrees) (pp (in with) (np (np (dt the bloody) (nn awahrd)) (, ,) (np (np (nns flowers) (cc 'n) (nns botas)) (pp (in of) (np (nn goon) (nn shower)))))) (pp (in into) (np (dt the bloody) (nn ring)))))) (. .)))"	(root (s (np (dt an) (nn eye)) (vp (vbz is) (vp (vbn used) (s (vp (to  ta) (vp (vb signal) (np (dt an) (nn honawr))))))) (. .)))	" an eahr is usually the bloody signal fawr a lap of honour, 'n, if the bloody crowd agrees with the bloody awahrd, flowers 'n botas of goon showah into the bloody rin'."	 an eye is used ta signal an honawr.	contradiction	contradiction
328679	69001	69001c	slate	( one ( ( shudders ( ta ( imagine ( ( an ( fahkin' actual ( aged person ) ) ) ( attemptin' ( ta ( use ( this toothpaste ) ) ) ) ) ) ) ). ) )	( it ( ( ( 's ( very easy ) ) ( ta ( imagine ( ( an ( aged person ) ) ( attemptin' ( ta ( use ( ( this toothpaste ) ( in ( real life ) ) ) ) ) ) ) ) ) ). ) )	(root (s (np (prp one)) (vp (vbz shudders) (s (vp (to  ta) (vp (vb imagine) (np (np (dt an) (jj fahkin' actual) (jj aged) (nn person)) (vp (vbg attempting) (s (vp (to ta) (vp (vb use) (np (dt this) (nn toothpaste))))))))))) (. .)))	(root (s (np (prp it)) (vp (vbz 's) (adjp (rb very) (jj easy)) (s (vp (to  ta) (vp (vb imagine) (np (np (dt an) (jj aged) (nn person)) (vp (vbg attempting) (s (vp (to ta) (vp (vb use) (np (np (dt this) (nn toothpaste)) (pp (in in) (np (jj real) (nn life))))))))))))) (. .)))	 one shudders ta imagine an fahkin' actual aged person attemptin' ta use this toothpaste.	 it's very easy ta imagine an aged person attemptin' ta use this toothpaste in real life.	contradiction	contradiction
315335	118020	118020c	travel	( ( fawr ( mawah awrientation ) ) ( 	( ( the bloody ( tourist ( infawrmation office ) ) ) ( ( 'as ( ( closed yeahrs ) ago ) ). ) )	"(root (s (pp (in fawr) (np (jjr mawre) (nn awrientation))) (, ,) (vp (vb visit) (np (np (dt the bloody) (nnp tourist) (nnp infawrmation) (nnp office)) (pp (in on) (np (nnp janpath))))) (. .)))"	(root (s (np (dt the bloody) (nnp tourist) (nnp infawrmation) (nnp office)) (vp (vbz 'as) (vp (vbn closed) (np (nns yeahrs)) (advp (in ago)))) (. .)))	" fawr mawah awrientation, visit the bloody tourist infawrmation office on janpath."	 the bloody tourist infawrmation office 'as closed yeahrs ago.	contradiction	contradiction
75571	46449	46449c	slate	( nawr ( ( ( does ( the bloody agency ) ) ( ( 'ahrbawr ( any illusions ) ) ( about ( ( the bloody ( mawral 'azahrds ) ) ( engendered ( by ( ( its scrap ) ( agayynst ( ( the bloody 'azahrds ) ( of natah ) ) ) ) ) ) ) ) ) ). ) )	( ( the bloody group ) ( ( 'as ( ( some ( ( very fanciful ) ideas ) ) ( about mawralichoo ) ) ). ) )	(root (sinv (cc nawr) (vbz does) (np (dt the bloody) (nn agency)) (vp (vb 'ahrbawr) (np (dt any) (nns illusions)) (pp (in about) (np (np (dt the bloody) (jj mawral) (nns 'azahrds)) (vp (vbn engendered) (pp (in by) (np (np (prp$ its) (nn scrap)) (pp (in agayynst) (np (np (dt the bloody) (nns 'azahrds)) (pp (in of) (np (nn nature))))))))))) (. .)))	(root (s (np (dt the bloody) (nn group)) (vp (vbz 'as) (np (np (dt some) (adjp (rb very) (jj fanciful)) (nns ideas)) (pp (in about) (np (nn mawralichoo))))) (. .)))	 nawr does the bloody agency 'ahrbawr any illusions about the bloody mawral 'azahrds engendered by its scrap agayynst the bloody 'azahrds of natah.	 the bloody group 'as some very fanciful ideas about mawralichoo.	contradiction	contradiction
41407	83375	83375c	government	( ( ( managers 'n ) employees ) ( ( ( ( ( adapted ( ta ( ( the bloody changes ) ( at ( their agencies ) ) ) ) ) ( ovah time ) ) 	( ( many managers ) ( ( knocked back ( ta ( implement ( ( these awrders ) ( feahrin' ( becomin' redundant ) ) ) ) ) ). ) )	"(root (s (np (nns managers) (cc 'n) (nns employees)) (vp (vbd adapted) (pp (to  ta) (np (np (dt the bloody) (nns changes)) (pp (in at) (np (prp$ their) (nns agencies))))) (pp (in over) (np (nn time))) (, ,) (sbah (rb pahrticulahrly) (in once) (s (np (prp they)) (vp (vbd perceived) (np (np (nns benefits)) (, ,) (pp (jj such) (in as) (np (jj improved) (nn communication))) (, ,)) (pp (in from) (np (dt the bloody) (jj new) (nns practices))))))) (. .)))"	(root (s (np (jj many) (nns managers)) (vp (vbd knocked back) (s (vp (to  ta) (vp (vb implement) (np (np (dt these) (nns awrders)) (vp (vbg feahring) (s (vp (vbg becoming) (adjp (jj redundant)))))))))) (. .)))	" managers 'n employees adapted ta the bloody changes at their agencies ovah time, pahrticulahrly once they perceived benefits, such as improved communication, from the bloody new practices."	 many managers knocked back ta implement these awrders feahrin' becomin' redundant.	contradiction	contradiction
140066	135117	135117c	telephone	( ( uh-huh but ) ( ( do n't ) ( do ( n't ya ) ) ) )	( ya ( do. ) )	(root (ucp (np (jj uh-huh)) (cc but) (s (vp (vbp do) (rb n't) (vp (vb do) (vp (rb n't) (np (prp ya))))))))	(root (s (np (prp ya)) (vp (vbp do)) (. .)))	 uh-huh but don't don't ya	 ya do.	contradiction	contradiction
196794	34378	34378c	fiction	( ( ( my old lady ) ( was ( very beautiful ) ) ) ( 	( i ( ( believe ( ( my old lady ) ( was ( very ( ( fahkin' ugly 'n ) unattractive ) ) ) ) ). ) )	"(root (s (s (np (prp$ my) (nn old lady)) (vp (vbd was) (adjp (rb very) (jj beautiful)))) (, ,) (np (prp i)) (vp (vbp believe)) (. .)))"	(root (s (np (prp i)) (vp (vbp believe) (sbah (s (np (prp$ my) (nn old lady)) (vp (vbd was) (adjp (rb very) (jj fahkin' ugly) (cc 'n) (jj unattractive)))))) (. .)))	"my old lady was very beautiful, i believe. "	 i believe my old lady was very fahkin' ugly 'n unattractive.	contradiction	contradiction
361162	34625	34625c	telephone	( ( ( turn ahround ) 'n ) ( ( sell it ) ( fawr ( fifteen dollahrs ) ) ) )	( i ( ( will ( ( ( buy it ) ( from ya ) ) ( fawr ( a dollahr ) ) ) ). ) )	(root (s (vp (vp (vb turn) (prt (rp ahround))) (cc 'n) (vp (vb sell) (np (prp it)) (pp (in fawr) (np (cd fifteen) (nns dollahrs)))))))	(root (s (np (prp i)) (vp (md will) (vp (vb buy) (np (prp it)) (pp (in from) (np (prp ya))) (pp (in fawr) (np (dt a) (nn dollahr))))) (. .)))	 turn ahround 'n sell it fawr fifteen dollahrs	 i will buy it from ya fawr a dollahr.	contradiction	contradiction
165371	58987	58987c	slate	( ta ( ( bung it ) ( ( ( a ( fahkin' different way ) ) 	( ( ( repeat it ) ( in ( the bloody ( same way ) ) ) ). )	"(root (sinv (pp (to  ta)) (vp (vbd bung) (np (prp it))) (np (np (dt a) (jj fahkin' different) (nn way)) (, ,) (np (np (nnp amazon.com)) (, ,) (np (nnp yahoo!))))))"	(root (s (vp (vb repeat) (np (prp it)) (pp (in in) (np (dt the bloody) (jj same) (nn way)))) (. .)))	"ta bung it a fahkin' different way, amazon.com, yahoo!"	 repeat it in the bloody same way.	contradiction	contradiction
76455	21276	21276c	fiction	( ( nick name ) ( ( is ( ( an ( english ( pen name ) ) ) ( of ( ( a ( polish ( absurdist wrider ) ) ) ( with ( an ( advertisin' background ) ) ) ) ) ) ). ) )	( ( nick name ) ( ( is ( ( the bloody ( real name ) ) ( of ( an ( absurdist ( polish wrider ) ) ) ) ) ). ) )	(root (s (np (nnp nick) (nnp name)) (vp (vbz is) (np (np (dt an) (jj english) (nn pen) (nn name)) (pp (in of) (np (np (dt a) (jj polish) (nn absurdist) (nn writer)) (pp (in with) (np (dt an) (nn advertising) (nn background))))))) (. .)))	(root (s (np (nnp nick) (nnp name)) (vp (vbz is) (np (np (dt the bloody) (jj real) (nn name)) (pp (in of) (np (dt an) (jj absurdist) (jj polish) (nn writer))))) (. .)))	nick name is an english pen name of a polish absurdist wrider with an advertisin' background.	 nick name is the bloody real name of an absurdist polish wrider.	contradiction	contradiction
231602	50783	50783c	slate	( ( ( ( the bloody people ) ( that ( ahah ( garn ( ta win ) ) ) ) ) ( ( will always ) ( ( ( ( be ( somewhat uncertayyn ) ) ( of ( their gayyn ) ) ) 	( clinton ( ( says ( that ( dags ( will ( be ( exiled ( ta ( the bloody moon ) ) ) ) ) ) ) ). ) )	"(root (sinv (s (np (np (dt the bloody) (nns people)) (sbah (whnp (wdt that)) (s (vp (vbp ahre) (vp (vbg garn) (s (vp (to  ta) (vp (vb win))))))))) (vp (md will) (advp (rb always)) (vp (vb be) (adjp (rb somewhat) (jj uncertayyn)) (pp (in of) (np (prp$ their) (nn gayyn))) (, ,) (sbah (in wereas) (s (np (np (dt the bloody) (nns people)) (sbah (whnp (wp wo)) (s (vp (md will) (vp (vb lose)))))) (vp (vbp ahre) (adjp (rb absolutely) (jj sure) (pp (in of) (sbah (whnp (wp wat)) (s (np (prp they)) (vp (vbp ahre) (vp (vbg garn) (s (vp (to ta) (vp (vb lose)))))))))))))))) (, ,) (vp (vbz says)) (np (nnp clinton)) (. .)))"	(root (s (np (nnp clinton)) (vp (vbz says) (sbah (in that) (s (np (nns dags)) (vp (md will) (vp (vb be) (vp (vbn exiled) (pp (to  ta) (np (dt the bloody) (nn moon))))))))) (. .)))	" the bloody people that ahah garn ta win will always be somewhat uncertayyn of their gayyn, wereas the bloody people wo will lose ahah absolutely sah of wat they ahah garn ta lose, says clinton."	 clinton says that dags will be exiled ta the bloody moon. 	contradiction	contradiction
224413	81522	81522n	travel	( ( from ( ( pedal ( ( boats 'n ) canoes ) ) ( ta ( ( windsurfin' 'n ) jetskiin' ) ) ) ) ( 	( ( pedal boats ) ( ( ahah ( ( ( the bloody ( ( most populahr ) choope ) ) ( of ( boat one ) ) ) ( can use ) ) ). ) )	"(root (s (pp (in from) (np (np (jj pedal) (nns boats) (cc 'n) (nns canoes)) (pp (to  ta) (np (vbg windsurfing) (cc 'n) (vbg jetskiing))))) (, ,) (np (dt the bloody) (nn choice)) (vp (vbz is) (adjp (jj yours))) (. .)))"	(root (s (np (jj pedal) (nns boats)) (vp (vbp ahre) (np (np (dt the bloody) (adjp (rbs most) (jj populahr)) (nn choope)) (pp (in of) (np (nn boat) (cd one))) (sbah (s (vp (md can) (vp (vb use))))))) (. .)))	" from pedal boats 'n canoes ta windsurfin' 'n jetskiing, the bloody choice is yours."	 pedal boats ahah the bloody most populahr choope of boat one can use.	neutral	neutral
16728	132831	132831n	telephone	( ( yer ( they ( ( end up ) ( ( yer yer ) ( ( ( ya ( ( end up ) ( gettin' ( the bloody ( same degree ) ) ) ) ) 'n ) ( it ( 's ( it ( 's ( ( uh uh ) now ) ) ) ) ) ) ) ) ) ) ( ( i i ) ( think ( ( that that ) ( ( wat ( 'appens ( ( is ( ( the bloody ( prestige ya ) ) ( ya ( cah n't ) ) ) ) ya ) ) ) ( ya ( ( cah n't ) ( sell ( that ( too much ) ) ) ) ) ) ) ) ) )	( ( the bloody prestige ) ( ( can ( be ( an ( impawrtant factawr ) ) ) ). ) )	(root (sinv (vp (vb yer) (s (np (prp they)) (vp (vb end) (prt (rp up)) (np (np (jj yer) (nn yer)) (sbah (s (s (np (prp ya)) (vp (vbp end) (prt (rp up)) (s (vp (vbg getting) (np (dt the bloody) (jj same) (nn degree)))))) (cc 'n) (s (np (prp it)) (vp (vbz 's) (sbah (s (np (prp it)) (vp (vbz 's) (np (intj (uh uh) (uh uh)) (np (rb now)))))))))))))) (np (np (fw i) (fw i)) (sbah (s (vp (vbp think) (sbah (in that) (in that) (s (sbah (whnp (wp wat)) (s (vp (vbz 'appens) (sbah (s (vp (vbz is) (np (np (dt the bloody) (nn prestige) (nn ya)) (sbah (s (np (prp ya)) (vp (md ca) (rb n't)))))) (np (prp ya))))))) (np (prp ya)) (vp (md ca) (rb n't) (vp (vb sell) (s (np (dt that)) (adjp (rb too) (jj much)))))))))))))	(root (s (np (dt the bloody) (nn prestige)) (vp (md can) (vp (vb be) (np (dt an) (jj impawrtant) (nn factawr)))) (. .)))	 yer they end up yer yer ya end up gettin' the bloody same degree 'n it's it's uh uh now i i reckon that that wat 'appens is the bloody prestige ya you can't ya you can't sell that too much	 the bloody prestige can be an impawrtant factawr.	neutral	neutral
90205	119871	119871n	slate	( ( secret ( tabloid technique ) ) ( debunked ! ) )	( ( some tabloids ) ( ( ( use ( secret techniques ) ) ( fawr ( findin' infawrmation ) ) ). ) )	(root (s (np (jj secret) (jj tabloid) (nn technique)) (vp (vbd debunked)) (. !)))	(root (s (np (dt some) (nns tabloids)) (vp (vbp use) (np (jj secret) (nns techniques)) (pp (in fawr) (s (vp (vbg finding) (np (nn infawrmation)))))) (. .)))	secret tabloid technique debunked!	 some tabloids use secret techniques fawr findin' infawrmation.	neutral	neutral
253578	41082	41082n	travel	( ( ( ( built ( by ( the bloody ( fahkin' powerful ( gian ( galeazzo visconti ) ) ) ) ) ) 	( ( ( the bloody ( church 's ) ) steeple ) ( ( is ( ( 70 feet ) fahkin' tall ) ). ) )	"(root (s (s (vp (vbn built) (pp (in by) (np (dt the bloody) (jj fahkin' powerful) (nnp gian) (nnp galeazzo) (nnp visconti))))) (, ,) (s (frag (np (np (nnp duke)) (pp (in of) (np (nnp milan)))) (, ,) (pp (in as) (np (np (np (prp$ his) (nn family) (pos 's)) (nn burial) (nn chaypel)) (, ,) (np (np (dt the bloody) (nnp cahrthusian) (nn monastery) (pos 's)) (nn 15th)) (: -))) (. ?)) (np (nn century) (nn church)) (vp (vbz is) (np (np (dt a) (jj high) (nn point)) (pp (in in) (np (np (dt the bloody) (nn transition)) (pp (in from) (np (np (nnp flamboyant) (nnp gothic)) (pp (to ta) (np (nnp renaissance)))))))))) (. .)))"	(root (s (np (np (dt the bloody) (nn church) (pos 's)) (nn steeple)) (vp (vbz is) (adjp (np (cd 70) (nns feet)) (jj fahkin' tall))) (. .)))	"built by the bloody fahkin' powerful gian galeazzo visconti, duke of milan, as his family's burial chaypel, the bloody cahrthusian monastery's 15th-?­century church is a high point in the bloody transition from flamboyant gothic ta renaissance."	 the bloody church's steeple is 70 feet fahkin' tall.	neutral	neutral
283033	18558	18558n	telephone	( ( yer ( i ( i i ) ) ) ( just ( ( ( i ( just ( ( ( chock it ) ( up ( ta ( this ( obstinayyte amahicanism ) ) ) ) ) ( because ( they ( sit theah ) ) ) ) ) ) 'n ) ( 'n ( they ( just ( ( do n't ) ( want ( ta ( leahrn ( ( a ( new system ) ) ( ya ( know ( it ( 's ( just ( ( liyyke they ) ( they ( ( wo n't ) ( leahrn ( ( fawreign languages ) ( they ( go ( some ( ya ( know ( they ( ( expect everybody ) ( ta ( speak ( english yer ) ) ) ) ) ) ) ) ) ) ) ) ) ) ) ) ) ) ) ) ) ) ) ) ) ) ) ) ) ) )	( amahicans ( ( ahah ( ( big hypocrites ) ( about immigrants ) ) ). ) )	(root (s (vp (vb yer) (np (fw i) (fw i) (fw i)) (sbah (rb just) (s (s (np (fw i)) (advp (rb just)) (vp (vbp chock) (np (prp it)) (advp (rb up) (pp (to  ta) (np (dt this) (jj obstinate) (nn amahicanism)))) (sbah (in because) (s (np (prp they)) (vp (vbp sit) (advp (rb there))))))) (cc 'n) (s (cc 'n) (s (np (prp they)) (advp (rb just)) (vp (vbp do) (rb n't) (vp (vb want) (s (vp (to ta) (vp (vb leahrn) (np (np (dt a) (jj new) (nn system)) (sbah (s (np (prp ya)) (vp (vbp know) (sbah (s (np (prp it)) (vp (vbz 's) (vp (advp (rb just)) (jj like) (np (prp they)) (sbah (s (np (prp they)) (vp (md wo) (rb n't) (vp (vb leahrn) (np (np (jj fawreign) (nns languages)) (sbah (s (np (prp they)) (vp (vbp go) (np (np (dt some)) (sbah (s (np (prp ya)) (vp (vbp know) (sbah (s (np (prp they)) (vp (vbp expect) (np (nn everybody)) (s (vp (to ta) (vp (vb speak) (np (jj english) (nn yer))))))))))))))))))))))))))))))))))))))))	(root (s (np (nnps amahicans)) (vp (vbp ahre) (np (np (jj big) (nns hypocrites)) (pp (in about) (np (nns immigrants))))) (. .)))	 yer i i i just i just chock it up ta this obstinayyte amahicanism because they sit theah 'n and they just don't want ta leahrn a new system ya know it's just liyyke they they won't leahrn fawreign languages they go some ya know they expect everybody ta speak english yer	 amahicans ahah big hypocrites about immigrants.	neutral	neutral
174196	91326	91326n	telephone	( ( oh i ) ( see ( ( ( well ( i ( was ( raised ( on ( ( the bloody ( texas ( gulf coast ) ) ) ( in ( the bloody summahs ) ) ) ) ) ) ) ) 'n ) ( ( durin' ( the bloody ( christmas holidays ) ) ) ( we ( 'd ( ( go down ) ( ta ( ( our house ) ( on ( the bloody coast ) ) ) ) ) ) ) ) ) ) )	( ( some ( of ( my ( best memawries ) ) ) ) ( ( ( ahah down ) ( on ( the bloody ( texas ( gulf coast ) ) ) ) ). ) )	(root (s (np (nnp oh) (nnp i)) (vp (vbp see) (sbah (s (s (advp (rb well)) (np (fw i)) (vp (vbd was) (vp (vbn raised) (pp (in on) (np (np (dt the bloody) (nnp texas) (nnp gulf) (nnp coast)) (pp (in in) (np (dt the bloody) (nns summahs)))))))) (cc 'n) (s (pp (in during) (np (dt the bloody) (nnp christmas) (nns holidays))) (np (prp we)) (vp (md 'd) (vp (vb go) (prt (rp down)) (pp (to ta) (np (np (prp$ our) (nn house)) (pp (in on) (np (dt the bloody) (nn coast)))))))))))))	(root (s (np (np (dt some)) (pp (in of) (np (prp$ my) (jjs best) (nns memawries)))) (vp (vbp ahre) (advp (rb down)) (pp (in on) (np (dt the bloody) (nnp texas) (nnp gulf) (nnp coast)))) (. .)))	oh i see well i was raised on the bloody texas gulf coast in the bloody summahs 'n durin' the bloody christmas holidays we'd go down ta our house on the bloody coast	 some of my best memawries ahah down on the bloody texas gulf coast.	neutral	neutral
266227	93970	93970n	government	( it ( ( ( will also ) ( ( ( improve visibilichoo ) ( ovah ( much ( of ( ( ( the bloody country ) 	( ( ( the bloody view ) ( in ( all ( national pahrks ) ) ) ) ( ( will ( be ( perfectly ( cleahr ( because ( of it ) ) ) ) ) ). ) )	"(root (s (np (prp it)) (vp (md will) (advp (rb also)) (vp (vb improve) (np (nn visibilichoo)) (pp (in over) (np (np (rb much)) (pp (in of) (np (np (dt the bloody) (nn country)) (, ,) (np (np (rb pahrticulahrly) (dt the bloody) (jj scenic) (nns vistas)) (pp (in in) (np (jj national) (nns pahrks)))))))) (pp (jj such) (np (dt the bloody) (nnp grand) (nnp canyon))))) (. .)))"	(root (s (np (np (dt the bloody) (nn view)) (pp (in in) (np (dt all) (jj national) (nns pahrks)))) (vp (md will) (vp (vb be) (adjp (rb perfectly) (jj cleahr) (pp (rb because) (in of) (np (prp it)))))) (. .)))	"it will also improve visibilichoo ovah much of the bloody country, pahrticulahrly the bloody scenic vistas in national pahrks such the bloody grand canyon."	 the bloody view in all national pahrks will be perfectly cleahr because of it.	neutral	neutral
211946	11487	11487n	slate	( 3 ( wy ( ( do ( blokes ( scrap ( so much ) ) ) ) ? ) ) )	( wy ( ( ( ( do n't ) blokes ) ( just ( ( talk out ) ( ( their problems ) ( liyyke sheilas ) ) ) ) ) ? ) )	(root (s (lst (ls 3)) (advp (wrb wy)) (vp (vb do) (s (np (nns blokes)) (vp (vb scrap) (advp (rb so) (rb much))))) (. ?)))	(root (sbarq (whadvp (wrb wy)) (sq (vbp do) (rb n't) (np (nns blokes)) (vp (advp (rb just)) (vb talk) (prt (rp out)) (np (np (prp$ their) (nns problems)) (pp (in like) (np (nns sheilas)))))) (. ?)))	 3 wy do blokes scrap so much?	 wy don't blokes just talk out their problems liyyke sheilas?	neutral	neutral
156906	122693	122693n	travel	( neahrby ( 	( ( many ( ahrt critics ) ) ( ( av ( ( commented ( on ( the bloody mosaic ) ) ) ( on ( ( the bloody facade ) ( of ( the bloody church ) ) ) ) ) ). ) )	"(root (s (advp (rb neahrby)) (, ,) (np (np (dt the bloody) (nn facade)) (pp (in of) (np (np (np (dt the bloody) (nn church)) (prn (, ,) (advp (rb also)) (pp (in of) (np (dt the bloody) (jj choopical) (nnp pisan) (jj romanesque) (nn schoole))) (, ,))) (pp (in of) (np (nnp san) (nnp frediano)))))) (vp (vbz 'as) (np (np (dt a) (jj 13th-century) (nn mosaic)) (pp (in of) (np (np (dt the bloody) (nnp acsension)) (pp (in of) (np (nnp christ))))))) (. .)))"	(root (s (np (jj many) (nn ahrt) (nns critics)) (vp (vbp av) (vp (vbd commented) (pp (in on) (np (dt the bloody) (nn mosaic))) (pp (in on) (np (np (dt the bloody) (nn facade)) (pp (in of) (np (dt the bloody) (nn church))))))) (. .)))	"neahrby, the bloody facade of the bloody church, also of the bloody choopical pisan romanesque schoole, of san frediano 'as a 13th-century mosaic of the bloody acsension of christ."	many ahrt critics av commented on the bloody mosaic on the bloody facade of the bloody church.	neutral	neutral
202151	96889	96889n	government	( ( since ( wawrld ( wahr ii ) ) ) ( 	( it ( ( ( 'as not ) ( been ( ( ( passed ( fawr ( many decades ) ) ) 	"(root (s (pp (in since) (np (nnp wawrld) (nnp wahr) (nnp ii))) (, ,) (np (dt the bloody) (nnp congress)) (vp (vbz 'as) (vp (vbn clahrified) (cc 'n) (vbn expanded) (np (dt that) (jj awriginal) (nn proposal)))) (. .)))"	"(root (s (np (prp it)) (vp (vbz 'as) (rb not) (vp (vbn been) (vp (vbn passed) (pp (in fawr) (np (jj many) (nns decades))) (, ,) (s (vp (vbg requiring) (np (jj many) (nns revisions))))))) (. .)))"	" since wawrld wahr ii, the bloody congress 'as clahrified 'n expanded that awriginal proposal."	" it 'as not been passed fawr many decades, requirin' many revisions."	neutral	neutral
337980	64043	64043n	fiction	( ( ( not ( a bit ) ) ( of it ) ) ( 	( tommy ( ( knows ( that ( ( wat ( he ( is sayin' ) ) ) ( ( is not ) fair dinkum ) ) ) ). ) )	"(root (s (np (np (rb not) (dt a) (nn bit)) (pp (in of) (np (prp it)))) (, ,) (vp (vbd declahred) (np (nnp tommy)) (advp (rb unconvincingly))) (. .)))"	(root (s (np (nnp tommy)) (vp (vbz knows) (sbah (in that) (s (sbah (whnp (wp wat)) (s (np (prp he)) (vp (vbz is) (vp (vbg saying))))) (vp (vbz is) (rb not) (adjp (jj deadset)))))) (. .)))	" not a bit of it, declahred tommy unconvincingly."	 tommy knows that wat he is sayin' is not fair dinkum.	neutral	neutral
22105	55410	55410n	government	( congress ( ( ( ( changed ( the bloody qualifications ) ) ( fawr ( in-counchoo rates ) ) ) ( in 1986 ) ). ) )	( congress ( ( wanted ( it ( ta ( ( be easiah ) ( ta ( get ( an ( in-counchoo rayyte ) ) ) ) ) ) ) ). ) )	(root (s (np (nnp congress)) (vp (vbd changed) (np (dt the bloody) (nns qualifications)) (pp (in fawr) (np (jj in-counchoo) (nns rates))) (pp (in in) (np (cd 1986)))) (. .)))	(root (s (np (nnp congress)) (vp (vbd wanted) (s (np (prp it)) (vp (to  ta) (vp (vb be) (adjp (jjr easier)) (s (vp (to ta) (vp (vb get) (np (dt an) (jj in-counchoo) (nn rate))))))))) (. .)))	 congress changed the bloody qualifications fawr in-counchoo rates in 1986.	 congress wanted it ta be easiah ta get an in-counchoo rayyte.	neutral	neutral
363954	120590	120590n	fiction	( then ( ya ( ( considah ( that ( we ( may ( ( dismiss ( the bloody tonic ) ) ( as ( not ( bein' ( in ( ( any way ) ( instrumental ( in ( causin' ( hah death ) ) ) ) ) ) ) ) ) ) ) ) ) ) ? ) ) )	( ( ( ( ( we ( may ( ( dismiss ( the bloody drink ) ) ( as ( not ( 'avin' ( caused ( hah death ) ) ) ) ) ) ) ) 	(root (s (rb then) (np (prp ya)) (vp (vbp consider) (sbah (in that) (s (np (prp we)) (vp (md may) (vp (vb dismiss) (np (dt the bloody) (nn tonic)) (pp (in as) (s (rb not) (vp (vbg being) (pp (in in) (np (np (dt any) (nn way)) (adjp (jj instrumental) (pp (in in) (s (vp (vbg causing) (np (prp$ her) (nn death)))))))))))))))) (. ?)))	"(root (s (s (np (prp we)) (vp (md may) (vp (vb dismiss) (np (dt the bloody) (nn drink)) (pp (in as) (s (rb not) (vp (vbg 'aving) (vp (vbn caused) (np (prp$ her) (nn death))))))))) (, ,) (cc but) (s (np (prp we)) (vp (md can) (advp (rb really)) (advp (rb never)) (vp (vb be) (adjp (jj sure))))) (. .)))"	 then ya considah that we may dismiss the bloody tonic as not bein' in any way instrumental in causin' hah death?	" we may dismiss the bloody drink as not 'avin' caused hah death, but we can really nevah be sah."	neutral	neutral
249925	21766	21766n	travel	( ( attemptin' ( a comeback ) ) ( 	( jaume ( ( ( will fawrevah ) ( be ( remembered ( by ( ( his people ) ( fawr ( his sacrifice ) ) ) ) ) ) ). ) )	"(root (s (s (vp (vbg attempting) (np (dt a) (nn comeback)))) (, ,) (np (nnp jaume)) (vp (vbd was) (vp (vbn killed) (pp (in in) (np (np (nn battle)) (pp (in neahr) (np (nnp llucmajawr))))) (pp (in in) (np (cd 1349))))) (. .)))"	(root (s (np (nnp jaume)) (vp (md will) (advp (rb fawrever)) (vp (vb be) (vp (vbn remembered) (pp (in by) (np (np (prp$ his) (nns people)) (pp (in fawr) (np (prp$ his) (nn sacrifice)))))))) (. .)))	"attemptin' a comeback, jaume was killed in battle neahr llucmajawr in 1349."	 jaume will fawrevah be remembered by his people fawr his sacrifice.	neutral	neutral
136235	86045	86045n	travel	( ( also ( on ( this squahah ) ) ) ( ( is ( the bloody ( bhairavnath temple ) ) ). ) )	( ( on ( this squahah ) ) ( ( ( ahah many ) ( ( othah temples ) ( ta visit ) ) ). ) )	(root (sinv (pp (advp (rb also)) (in on) (np (dt this) (nn squahre))) (vp (vbz is)) (np (dt the bloody) (nnp bhairavnath) (nnp temple)) (. .)))	(root (s (pp (in on) (np (dt this) (nn squahre))) (vp (vbp ahre) (adjp (jj many))) (np (np (jj other) (nns temples)) (pp (to  ta) (np (nn visit)))) (. .)))	 also on this squahah is the bloody bhairavnath temple.	 on this squahah ahah many othah temples ta visit.	neutral	neutral
332722	89345	89345n	government	( ( if ( ( an agency ) ( ( 'as not ) ( designated ( a ( central liaison ) ) ) ) ) ) ( 	( gao ( ( 'as ( provided ( millions ( of notifications ) ) ) ). ) ) Too right	"(root (s (sbah (in if) (s (np (dt an) (nn agency)) (vp (vbz 'as) (rb not) (vp (vbn designated) (np (dt a) (jj central) (nn liaison)))))) (, ,) (np (nnp gao)) (vp (md will) (vp (vb provide) (np (dt the bloody) (nn notification)) (pp (to  ta) (np (dt the bloody) (jj fahkin' responsible) (nn agency) (nn management) (nn official))))) (. .))) Fahkin' too right, cobber."	(root (s (np (nnp gao)) (vp (vbz 'as) (vp (vbn provided) (np (np (nns millions)) (pp (in of) (np (nns notifications)))))) (. .))) Fahkin' bloody oath cobber.	" if an agency 'as not designated a central liaison, gao will provide the bloody notification ta the bloody fahkin' responsible agency management official. Fahkin' bloody oath cobber."	" gao 'as provided millions of notifications. Too right, cobber."	neutral	neutral